Timestamp,Sensor_1,Sensor_2,Sensor_3,Sensor_4,Sensor_5,Sensor_6,Sensor_7,Sensor_8,Sensor_9,Sensor_10,Hata_Kodu_Motor,Hata_Kodu_Govde,Hata_Kodu_Elektronik,Hata_Kodu_Genel
0,0.067837816,0.110063285,0.019690361,-0.065616619,-0.020323213,3.814564911,4.575932687,-3.786198199,2.488054221,8.470324409,5,4096,0,0
1,0.265352762,0.245421815,0.119643373,-0.26144668,-0.042610417,7.163147679,2.557809991,-8.201601111,1.269710797,10.73829449,0,0,0,0
2,0.272657338,0.28969683,0.11174957,-0.190931102,-0.138925718,5.893079381,6.604703468,-11.84446483,3.398228752,8.829904527,1,16384,0,1024
3,0.080227278,0.073306255,-0.10422327,-0.125930701,-0.190340594,9.074997003,7.044172078,-14.94849326,-0.928778062,9.933403391,0,0,1024,4096
4,0.241320024,0.28612125,0.437662346,-0.305752067,-0.105712687,4.038309558,5.731001033,-6.845958836,-4.109947197,11.35675048,0,3,0,32
5,0.367521166,0.274226842,0.39025227,-0.372387234,-0.628047848,5.456884983,5.249944915,6.974741361,-3.903026243,9.350909809,0,5,0,0
6,0.148455239,0.157911523,0.663327445,-0.217096508,-0.462965538,1.631233034,6.712624245,-3.696151365,4.979447884,10.33772292,0,17,0,0
7,0.499241217,0.49135639,0.654735556,-0.493736263,-0.157817723,4.347513562,4.898634397,10.71413999,3.024715835,9.133046583,0,0,32,2
8,0.601646508,0.653089443,0.233742605,-0.684614758,-0.663403441,9.643026517,5.757764912,5.964848433,-4.475523131,9.839474859,5,0,0,64
9,0.383058093,0.455672287,0.581333441,-0.331330044,-0.73419684,0.084334173,6.334689921,-4.449195481,-3.437715088,11.23910007,0,0,0,2
10,0.699595586,0.729819097,1.087504832,-0.690098117,-0.18227668,0.219360906,3.774289469,-3.80075034,-3.165814389,9.5713098,0,0,0,0
11,0.504729689,0.469056145,1.10270696,-0.548607808,-0.566942026,9.357852942,6.657291021,-0.140235313,-1.83480253,10.90752095,0,0,0,0
12,0.621749407,0.605499405,0.808874233,-0.610604005,-0.286723055,9.736495809,7.916932516,-2.310086818,1.283132056,9.086521953,0,0,0,0
13,0.602500829,0.735160723,0.700254901,-0.558461216,-0.83260454,9.102461641,4.989271284,2.98443437,-0.276221267,10.34542785,0,512,0,16384
14,0.954518145,0.91060338,0.564890531,-0.934042399,-0.641036005,6.847911544,1.97243319,-4.514194212,2.343115889,10.34706585,0,3,128,0
15,0.890291695,0.886363864,0.948371451,-0.983814781,-0.714530687,8.117582567,5.543242769,-0.300845901,-0.301255784,10.45799226,0,0,0,0
16,0.770295072,0.743594415,0.863772333,-0.6710531,-0.993365909,5.009716422,5.357478942,-5.22131221,-3.759441584,10.4319687,0,0,0,0
17,0.758429513,0.732192203,0.745153019,-0.692186298,-0.845108808,3.129239923,4.361565417,2.441399366,-4.526664601,10.06404824,64,3,0,0
18,1.048033347,1.049275273,0.923606498,-1.124022957,-0.92453673,4.40798997,5.788142875,-2.035425575,2.701942998,9.426004646,0,0,9,0
19,1.07465531,1.071489847,1.138085335,-1.13786889,-0.692485492,6.0408154,-0.19008467,-1.647383088,4.601595228,10.7884708,33,17,0,0
20,0.915859515,0.887738465,0.914534997,-0.889501869,-0.884671678,3.198728486,7.932945502,1.557173216,3.499453116,10.72475519,0,3,4096,256
21,0.810571865,0.72060811,1.622413634,-0.716854465,-0.486182983,2.669431614,3.203178291,-1.910493738,-3.098300466,11.03749832,32768,2,1,0
22,1.170124877,1.124484186,0.990961935,-1.204009407,-0.725594418,4.253370726,5.178433634,-1.088999684,1.912514725,9.215969949,1,0,129,0
23,0.826013556,0.89574345,1.08568338,-0.813898427,-0.934190044,4.498722754,3.496987296,-3.627855928,-0.662809835,9.848025173,3,0,0,0
24,1.044750514,1.090640731,1.540175409,-1.103271464,-1.028874346,1.543012699,7.306210788,-3.225396114,-0.609050511,8.774693967,0,0,8,4
25,1.042193255,1.125178553,1.288798027,-0.955306461,-0.880861389,6.457903874,4.581478659,-2.28272691,-2.166024276,11.0121589,0,0,0,0
26,0.984456174,0.96174148,1.24323663,-0.968394938,-0.74274392,3.869391328,4.492326848,-1.085913321,-2.757015976,10.30335106,1024,0,129,0
27,1.120235763,1.167706703,1.099136457,-1.063614253,-0.556713583,9.623572724,6.260042092,-3.745765423,-1.54807705,10.91630034,0,0,4,0
28,0.909740745,0.85208939,1.015415903,-0.905273895,-0.90207558,2.296890035,2.68470945,1.425809884,-2.047301972,9.699303096,0,0,128,0
29,0.97595689,0.941451209,1.161794594,-0.926438195,-0.471399929,6.515503533,4.549584142,12.29544587,-4.602047849,9.551962154,0,0,0,0
30,1.199090842,1.129137322,1.392553164,-1.201632565,-1.01953164,8.919371232,3.855560282,-7.066174118,-3.522263426,8.793940999,3,0,0,0
31,0.875347348,0.939939956,1.011341936,-0.907149462,-0.331299329,9.897505328,3.482961144,0.834239387,-3.133364214,11.57585512,0,0,1024,128
32,0.898284619,0.90484185,0.6042192,-0.971092045,-1.076280626,2.808933464,5.487382444,4.629135957,-4.169175193,9.90236622,0,65,0,3
33,0.728258522,0.743016623,0.977445791,-0.686492815,-0.657386439,4.413850061,4.168898509,4.328651821,-1.940576356,10.14757445,0,0,0,0
34,0.796907917,0.78827167,1.188047211,-0.787339455,-0.58766416,5.793022913,5.786589252,2.35606166,1.331101293,9.289871359,0,0,32768,0
35,0.883012895,0.871725085,0.925262924,-0.88359348,-0.563881268,1.89553984,5.879998196,-5.004280368,3.726962804,9.351087667,0,0,0,0
36,0.820407128,0.793312017,1.129331748,-0.853002547,-0.429400502,9.682424836,7.741499643,-2.7221832,-3.151893319,7.95007861,0,0,0,0
37,0.577180874,0.510619354,0.721090934,-0.559389377,-0.79094604,4.976731841,2.437209207,-1.024981476,-0.322813604,9.669390922,0,0,0,0
38,0.660404792,0.589049603,0.8982004,-0.685353188,-0.534773291,1.461343586,6.631788204,-9.337231859,3.907333832,12.31479777,0,16384,8192,9
39,0.59933263,0.646607662,0.900306365,-0.607713963,-0.32382364,3.75370783,4.402271635,5.791929246,-2.880698657,12.25967552,32768,0,0,0
40,0.699731936,0.787686622,0.52909878,-0.71542956,-0.377440317,6.957522337,2.952549373,11.60918856,0.913985581,10.1865509,0,0,0,0
41,0.718445628,0.704325304,0.57858835,-0.727266335,-0.346176103,8.983335809,8.579911821,1.479748261,1.988123813,9.213798586,0,12,0,0
42,0.408228621,0.363290267,0.397016107,-0.365582006,-0.298833889,2.789070212,8.547013026,-4.673588596,0.961602025,10.50014293,0,33,0,0
43,0.482589152,0.596543985,0.606874867,-0.470863229,-0.379133892,8.917325225,1.531235283,-10.89944526,-0.177558044,11.28020625,0,0,0,0
44,0.390598566,0.442800947,0.264106214,-0.495188562,-0.04730493,4.713077458,7.047999939,9.915232244,0.759682552,11.28331759,0,0,0,0
45,0.216495286,0.238356174,0.302213545,-0.268774822,-0.231135049,6.732004346,7.129086146,-3.295466199,-2.189102971,10.10548909,0,0,0,0
46,0.313652702,0.416793261,0.181708979,-0.348541022,-0.272734043,6.364136979,4.258342677,2.24266553,3.550869141,8.572086449,32,0,0,2
47,0.293666886,0.249696329,-0.046865049,-0.244640382,-0.235658442,8.809089033,4.502370094,1.849246479,3.082791456,9.765736323,0,0,0,0
48,0.106488166,0.142228495,0.176751577,-0.143271803,-0.22482509,1.366942618,4.939017965,-3.32794418,-1.402547065,8.976628391,32768,0,0,0
49,0.144029028,0.092376792,-0.19046952,-0.11902814,-0.044079533,3.161243463,3.57020517,-0.654875027,0.345018109,9.398280536,2048,0,0,0
50,-0.015093629,-0.087370008,0.028214346,0.063415806,-0.084332012,9.431723053,3.705206005,3.914894764,1.208774619,9.968026231,32,2,0,32
51,-0.006020255,0.069883119,-0.418408104,-0.118615682,0.175009685,0.187074412,7.575870635,-3.065290602,3.272024378,9.782287695,0,0,0,65
52,-0.110251902,-0.071587572,-0.003178284,0.142255705,0.29189436,3.414688033,7.281638767,0.467019978,3.705733807,10.18280486,16384,0,512,0
53,-0.086055787,-0.148016715,0.178559345,0.087232261,-0.260703725,3.461153835,6.213330288,-2.212899942,4.230391928,9.621676536,0,8,0,0
54,-0.337490284,-0.32977828,-0.162946966,0.42491313,0.279938123,0.684457514,5.866622133,-4.984418598,-2.952752918,12.26469927,0,129,0,0
55,-0.19742504,-0.171973405,-0.491953492,0.19013392,0.205636545,9.857875352,3.447764173,1.689607708,-2.250700777,9.895653896,512,0,0,0
56,-0.340464678,-0.301347062,-0.846954809,0.330742118,0.231550137,9.38589847,7.861087394,-4.048509093,-2.214286304,11.17800428,0,5,32768,9
57,-0.574026062,-0.522389397,-0.50260814,0.558748776,0.448841002,8.721310655,7.039291561,8.287155692,-3.978396952,9.513690216,0,0,0,0
58,-0.458218753,-0.355858511,-0.853041067,0.552118331,0.540170966,3.888770099,9.347351648,0.958789994,-1.160116481,10.00090504,0,0,0,128
59,-0.475647307,-0.45910828,-0.708954891,0.527262133,0.56195709,2.853418449,4.037304737,1.493315524,-3.80456891,11.10162163,0,0,0,0
60,-0.563400144,-0.664882126,-0.677338984,0.520236042,0.389262154,0.59356608,8.40106662,-3.750336622,0.237655833,9.418495717,0,256,0,0
61,-0.741664613,-0.746506342,-1.040978904,0.73433922,0.28330504,3.843274018,5.003350545,3.085163237,-0.822739565,7.533026443,0,0,0,0
62,-0.629885372,-0.626128465,-0.927080279,0.587441387,0.515759257,9.113779502,4.214168595,2.46231517,4.156968879,10.56067986,0,0,0,512
63,-0.783368761,-0.691092265,-0.854096823,0.821127063,0.860129738,8.084853868,5.119781025,-5.29427761,-2.79600939,11.93936296,0,0,0,1024
64,-0.740935843,-0.7201463,-1.11095426,0.699852689,0.641124314,6.234411578,3.613203872,2.401236855,-2.893652988,9.125576389,0,0,0,0
65,-0.818146615,-0.872640904,-1.225958391,0.887486411,0.892593781,8.163479907,5.979221842,-10.61860959,3.430067953,10.42180791,0,0,0,65
66,-0.787960969,-0.788278366,-0.895426012,0.874199679,0.795496658,6.769811381,6.224981852,2.237690774,-2.292796814,9.540030806,0,0,512,3
67,-0.953569038,-0.957069872,-0.943914229,0.959123404,0.612471524,9.98629406,3.421236762,-5.075629219,-3.838993005,9.439182396,0,16384,0,12
68,-0.889020236,-0.934348864,-1.195229021,0.698042961,0.755715601,2.141983803,1.51932207,6.40175918,-4.62468072,11.5376847,32,4096,0,2
69,-0.758714857,-0.750886119,-1.561933565,0.794673967,0.798423904,8.89947435,7.1663166,3.969429012,1.483348573,10.54628967,0,0,64,0
70,-0.846427501,-0.791187514,-0.901550231,0.817230131,0.363710949,1.800879199,2.918598471,0.83493079,-2.847436443,9.50781745,1,65,256,3
71,-1.074741927,-1.02809509,-1.224666581,1.056633857,0.778061284,4.398486442,7.060722251,-3.319873731,-4.113596344,11.12179034,0,0,32,0
72,-0.992939073,-0.952271712,-1.330998321,1.009632956,1.004451679,7.123124106,7.186654745,2.850566147,0.502875395,10.33917617,0,0,0,0
73,-1.058308917,-1.076677781,-1.439806868,1.087267105,0.74773918,5.913768435,6.789913073,0.226058066,3.214193271,9.244194781,5,17,0,0
74,-0.962669723,-1.014587874,-1.518425772,0.912800662,0.723031198,0.266024027,4.426543995,3.274016514,-4.005695055,10.31534488,0,0,32768,0
75,-0.990646988,-0.937591081,-1.34987567,1.098911462,0.948479351,5.442758723,5.497736812,-3.705248685,-3.635818284,10.00159117,0,0,0,0
76,-1.057843111,-1.048366558,-1.696050632,1.037774807,0.567050907,4.773071533,2.140729937,9.719569545,-4.482654724,9.856507278,0,0,0,8192
77,-1.002646455,-1.039647722,-1.633483702,1.003868431,0.728765743,9.788550138,7.433597355,5.162712058,3.294654592,9.596830142,0,0,9,0
78,-0.94778601,-1.04488869,-1.024728937,0.999940745,0.635343007,5.740715423,7.072472306,3.532089838,-2.191434121,9.955901389,2,0,0,0
79,-1.040910757,-0.933244033,-1.205444915,1.043108655,0.776563644,6.082539759,4.19834732,0.660020924,-2.945139802,9.631420612,3,0,0,0
80,-0.895460131,-0.888953316,-0.999336594,0.843318416,0.724694412,1.485198718,7.950782093,-2.780568849,2.018956757,10.18944797,4096,0,0,0
81,-0.890778013,-0.903896734,-0.944556106,1.005197093,0.741746497,3.085177824,4.773786124,-6.058822687,4.707608732,8.303601565,0,2048,0,0
82,-0.941657369,-0.924928384,-1.198175556,0.977736229,0.709032446,3.627422717,7.684030355,-2.569088389,4.286862953,10.32401489,8,32768,32768,0
83,-0.985463123,-0.920227526,-0.860011308,1.052036006,0.499917794,7.185327051,3.835414635,11.22968235,-3.795858039,9.436488691,2,129,8,0
84,-0.661738892,-0.681482443,-0.91649246,0.76209631,0.782734289,7.196745959,4.196849521,0.209310783,-2.200892451,8.846553685,0,0,0,0
85,-0.921350415,-0.864309178,-0.607300131,0.961771727,0.446908056,0.489311062,2.868050951,9.27182324,-0.986118503,10.85139354,8192,0,0,0
86,-0.743893745,-0.714945317,-1.092581647,0.876379611,0.389877892,0.092150035,7.630265665,-1.711856493,0.461569787,11.69658163,0,0,0,64
87,-0.506835652,-0.54447802,-0.873079278,0.548468345,0.756991022,8.843029885,6.887776714,-1.833112799,0.680831581,9.014552048,0,0,0,2
88,-0.781612474,-0.78302052,-0.909529005,0.738681197,0.587242371,1.038832176,4.453788281,1.507748841,2.561731947,9.595288247,16,0,0,0
89,-0.559904776,-0.59193383,-0.783724353,0.496269768,0.627419422,0.553142337,2.045979886,-2.91984133,-0.690134337,10.55539118,0,2,0,8
90,-0.774011426,-0.72088734,-0.729592481,0.813268712,0.788959347,7.157243632,8.368672029,-2.734018366,-0.232898332,9.125882361,0,0,0,2
91,-0.40931383,-0.300919908,-0.869894991,0.450300482,0.151176514,3.106235597,0.739336975,-1.104552402,-0.674208476,10.51929776,0,17,0,0
92,-0.494032018,-0.504409806,-0.722403637,0.473550511,0.461988843,5.348554658,2.875131911,-0.744226755,-0.843044099,8.310643174,0,1,0,512
93,-0.322688126,-0.361293752,-0.610796685,0.264511754,0.297512905,7.320320052,5.354279994,-1.664225863,-3.903153063,8.293236189,0,0,0,8192
94,-0.221537445,-0.168251411,-0.469410637,0.230050282,0.314759179,3.078661773,4.828075874,-1.021426149,-4.27794111,10.71130493,0,0,16,0
95,-0.339450818,-0.315089627,-0.208476983,0.33904525,0.175037489,8.546556746,1.12690228,-5.858730355,-3.485078673,10.19402846,0,0,129,0
96,-0.282483822,-0.267883084,-0.223149087,0.271240581,0.051390615,6.936319894,4.154559516,1.215278692,-1.651563173,10.5840314,0,0,512,0
97,-0.266310808,-0.291251623,-0.165151262,0.33640034,0.161773526,2.634403211,5.382197901,-6.132299637,-0.116453152,9.065349063,0,0,0,0
98,0.039455822,0.047925852,0.020261162,-0.063405405,-0.016992495,5.411374216,2.959413319,3.09762912,-1.541454024,9.129601037,0,0,17,9
99,-0.016705303,0.037277373,-0.530108187,0.009045939,-0.066518187,6.48073053,2.984765285,4.419245534,0.995429417,9.060383075,512,0,0,2
100,0.171138834,0.15166296,0.285225295,-0.153021827,0.333446723,9.556917617,6.347949882,-7.422385844,4.257004868,8.952987333,512,65,32,16
101,0.020750503,0.050582942,0.015569182,0.050070143,-0.322189281,3.709523515,3.970830809,-0.332960359,-3.557350611,9.982637491,0,0,0,4096
102,0.152504512,0.137878194,0.150739937,-0.10588011,0.052381901,8.389319544,5.527145867,-7.570685866,2.026226571,10.9830186,0,5,0,0
103,0.224680773,0.320094236,0.21910892,-0.178584825,-0.123007154,0.655713047,3.929974835,2.393507131,3.483276748,9.529876615,512,8192,0,32768
104,0.33654186,0.354480941,0.545161726,-0.374433764,-0.124322797,6.84944913,4.325309589,-6.558168682,-3.171737497,11.04803856,0,32768,12,0
105,0.443408934,0.465854912,0.163036468,-0.420512909,0.006723387,7.43744304,6.417114056,-0.132201841,-2.163176712,9.787000141,0,0,0,0
106,0.429094621,0.420843728,0.660272744,-0.441651673,-0.434091934,4.20738054,6.274659815,1.155967064,-0.270713907,10.61318171,32768,0,0,0
107,0.353632062,0.303880344,0.187568332,-0.272283381,-0.280245173,7.756168312,4.598091196,1.432871084,3.558557808,9.266066658,0,0,256,0
108,0.391977426,0.431849578,0.853941999,-0.384749596,-0.770280796,7.36574982,1.582893323,-4.762144668,-0.872109795,9.139888222,0,32768,0,1
109,0.547636463,0.534811845,0.924895136,-0.589253653,-0.046370385,6.461083292,6.505552073,-5.271146089,-2.078618448,10.66803848,512,0,3,0
110,0.662853166,0.648042882,0.369989847,-0.651806608,-0.581678037,0.359041333,6.156175611,-0.431299046,-1.064879191,8.528493568,65,0,0,32
111,0.578593069,0.697003611,0.562828317,-0.605998772,-0.651050705,5.123190881,6.560275687,-6.473555491,3.346855711,10.72074478,0,0,129,9
112,0.535532082,0.521609479,0.843908793,-0.586485015,-0.440164321,7.92865587,4.287408133,-3.011033972,-1.922303742,10.95826829,16,0,0,0
113,0.928851747,0.870801982,0.337675128,-0.998652632,-0.54954981,0.019320037,3.608828517,3.200066844,-4.765206619,10.96079602,0,0,1024,0
114,0.661702899,0.638626542,1.24272671,-0.7401743,-0.646723002,7.330737096,3.786003721,1.157165684,-4.983169661,9.226325993,9,0,0,0
115,0.667809175,0.669329459,1.518872583,-0.723633075,-0.992452665,3.277059359,7.393517617,1.760700739,-1.637115706,11.03291836,0,8192,4096,0
116,0.778823622,0.765549667,1.003308098,-0.792634457,-0.820648211,5.570881374,5.744721241,1.648338676,-3.355718837,9.997387322,0,512,0,128
117,0.884525011,0.930237493,1.424028475,-0.910891724,-1.037170513,2.879119072,5.299401879,-5.016223342,4.528407047,9.290532304,0,0,16,0
118,1.000672624,1.071378565,1.23152291,-0.992482868,-0.708456068,9.35649031,4.459227413,-5.061207541,-2.259677092,11.83454505,0,9,0,0
119,0.936385282,0.922778653,1.184577244,-0.939234759,-0.483779609,3.188594741,5.838708332,-4.032678661,-3.962976104,11.83951546,0,2048,1,0
120,1.106766799,1.105306692,1.3848652,-1.13645781,-0.458148092,8.445233851,1.827220625,1.696165939,-0.389871042,11.47198314,0,0,0,0
121,0.881979928,0.911328053,1.034313067,-0.901954206,-0.708653338,2.533152047,7.097700918,7.10404582,2.632859603,10.12021074,0,256,2,0
122,0.873312679,0.934407665,0.962224581,-0.853989864,-0.812728253,9.19596599,10.14967276,0.672169402,2.204073119,10.77893959,0,128,0,512
123,0.761226316,0.789829095,1.163952306,-0.82748157,-0.768447469,2.192446149,4.359183284,-11.48193881,-1.085274693,11.49891784,0,9,2,32
124,1.119491984,1.110204256,1.030850795,-1.136836843,-0.52936295,0.585060964,1.842111416,2.493419094,0.198239831,10.16506473,0,0,16384,5
125,0.954439559,0.926900109,1.474369066,-0.854204559,-1.020952926,3.733160111,5.280223095,2.345272338,2.171566477,11.28142007,0,0,0,32768
126,1.135100791,1.170773683,1.379413981,-1.094070513,-0.649733437,2.570211792,6.286529756,-1.431516108,2.826762354,10.21894457,0,0,0,33
127,1.059385177,1.152557731,1.430176017,-1.143405615,-0.899584687,5.035911741,3.607623762,-1.548707865,1.600400458,11.28262606,17,0,0,0
128,1.050603131,1.10574869,1.080849768,-1.066240879,-0.727092437,7.161890992,4.170099461,-2.460415098,-3.520727883,10.1768374,0,0,0,8
129,0.887866435,0.940829076,1.267710859,-0.980793952,-0.868278074,0.871231942,6.201326857,4.521805628,-3.060831404,10.45086834,0,0,0,129
130,0.801040653,0.777962726,1.09144789,-0.785867338,-0.874235607,6.482383085,6.276261092,-7.515157639,-4.652027081,10.97120782,65,0,0,2
131,0.914953237,0.984984509,0.825995591,-0.961244654,-0.641438006,8.190467818,3.901766812,-15.22826314,2.855976871,12.01558438,0,0,33,16384
132,0.927747635,1.020804178,1.055111776,-0.938774907,-0.867782887,1.273850506,8.173642492,9.039812909,1.603549654,10.35499149,0,0,0,0
133,1.009808477,1.025219224,1.2202696,-0.983987317,-0.705770363,1.917072739,4.440123953,-2.870983098,-1.221345083,10.04136674,0,8,64,512
134,0.685387588,0.6251566,0.671557706,-0.694637053,-0.924819549,0.143304046,6.591779288,1.151839393,0.329711856,10.3874139,0,65,5,0
135,0.880369086,0.986227317,0.740098225,-0.837382319,-0.697207039,8.002604216,5.80393566,-0.385233021,-3.576489079,10.66944221,4096,129,0,0
136,0.815445999,0.869873941,0.418834279,-0.833553096,-0.524574993,9.89518032,4.174074969,2.171729827,-3.213396935,9.987083516,129,0,0,4096
137,0.658899596,0.672296074,0.710052744,-0.64041846,-0.794811432,1.754634366,3.653838257,-8.336914974,4.305029401,8.628535623,3,0,0,0
138,0.732467904,0.687959381,0.732801728,-0.714319311,-0.096073771,0.919800758,4.493172607,1.785980108,-2.839630775,11.25944758,1024,4,0,0
139,0.623904937,0.618124977,0.557870278,-0.635047513,-0.389389557,5.184103252,4.644955653,-8.358142501,-1.493577721,9.171015012,0,0,9,32768
140,0.490667336,0.396609435,0.910221728,-0.491427428,-0.369431598,9.391959841,8.678516572,-2.516906637,1.31602148,10.47241477,0,0,129,0
141,0.383643937,0.360400849,0.517270158,-0.308063485,-0.22031027,0.598802422,3.723103576,-1.882632275,0.559670823,11.16866354,2048,64,0,65
142,0.423328668,0.404594131,0.280842735,-0.391297101,-0.403465427,2.850015691,6.841304997,4.460938689,1.575840643,8.51087611,0,0,0,0
143,0.377111168,0.272797185,0.316673152,-0.403969397,-0.184118047,3.363477345,3.633365824,-3.181927389,-2.857326266,8.594584358,0,2,0,0
144,0.461745373,0.441240408,0.064286875,-0.433444439,-0.322087993,3.203674266,4.528656561,-2.984555985,1.448577094,10.10694552,0,0,512,2
145,0.390834986,0.331964462,0.506148088,-0.464406179,-0.185224471,8.424509236,1.788078519,-2.23467951,-2.430181021,9.664004953,64,0,2048,0
146,0.285026693,0.224334483,0.349732762,-0.296719105,-0.307396173,9.939314546,5.184254558,-6.200781298,4.300471869,11.2485628,0,0,0,9
147,0.207034468,0.172052527,0.249246374,-0.203858641,-0.344375202,6.7314756,7.966916783,-3.882079735,-2.181279272,9.937719864,0,4,512,0
148,0.049469107,0.015135195,0.092429633,-0.025484851,-0.023162871,8.094534425,3.609301481,-0.816271749,0.51897067,8.960147836,0,32,0,0
149,-0.143237427,-0.145564745,0.501738695,0.161336694,-0.07009611,1.58081873,8.347055102,0.677749377,1.550934429,8.672754509,0,8192,129,0
150,-0.106500807,-0.142072134,-0.029731166,0.192637829,0.0010848,0.695082559,1.828150696,-2.346867787,-1.202386474,8.84052788,0,0,0,3
151,-0.229615153,-0.296476353,0.18784581,0.285861363,-0.359208388,3.45804967,8.560820475,4.764761309,1.44703569,9.750318133,5,0,0,0
152,-0.06726316,-0.066910974,-0.224941133,-0.003776485,0.076697156,3.135446699,3.745824544,-2.687846113,-4.521760313,13.1698819,0,1,32,0
153,-0.255615074,-0.163034058,-0.318064346,0.241043096,0.378908736,1.912010318,2.892604046,-2.283295689,-1.65916015,10.62692741,9,0,128,0
154,-0.185977408,-0.211659836,-0.431467254,0.17792499,0.05670731,8.894347294,1.534176733,-6.43628483,-1.266974587,9.970303416,0,0,0,512
155,-0.417897585,-0.350052044,-0.333298267,0.481280393,0.192196983,2.785615385,2.740370092,3.63043509,1.537612156,10.31067033,2,0,0,16384
156,-0.436527227,-0.414476525,-0.594838419,0.4393542,0.374439823,1.17964022,3.151209346,3.489329005,0.883049629,10.93935313,1024,0,0,128
157,-0.314256137,-0.316003763,-0.427460798,0.276710229,0.739650666,5.225068691,1.694921379,-1.372454085,2.500038913,9.733748427,65,0,0,0
158,-0.598369636,-0.584218452,-0.730838895,0.670389237,0.413653511,7.133388555,5.18005514,-6.290486881,3.27085538,10.55985767,0,1024,256,65
159,-0.525633976,-0.602572943,-0.749252422,0.52805389,0.744301761,3.270183218,7.963129249,6.646628069,1.925213669,9.465158313,0,0,17,0
160,-0.534331551,-0.523838596,-0.656048992,0.502364463,0.538589811,1.423358964,2.903996013,2.972902163,3.443028149,11.74092195,0,0,0,0
161,-0.608903095,-0.589422477,-0.735590997,0.638799575,0.54211427,7.312473809,9.275074829,3.374685024,3.839261116,10.57410007,0,0,0,33
162,-0.509139083,-0.487318267,-0.993106214,0.441441783,0.623052788,8.754459017,9.728535222,-1.939553253,-2.226560195,10.63780604,0,0,2048,0
163,-0.809872127,-0.816696707,-0.828755327,0.80451883,0.560170563,9.106212823,5.710393799,1.026187065,-0.132351848,10.09502238,0,2048,0,0
164,-0.812305134,-0.750695202,-0.905563608,0.848862149,0.640253914,2.24491765,4.302083008,1.825242848,-1.732942836,10.59315547,0,8,0,0
165,-0.836790463,-0.848185718,-1.400768501,0.838198485,0.750595451,4.554874709,5.23113174,-5.756868972,-0.572419203,10.77150089,0,0,0,4096
166,-0.883325998,-0.804257105,-0.955310105,0.879093262,0.560340292,8.966259434,4.863334344,5.425369757,-0.067612373,9.286296985,0,32,0,0
167,-1.018113109,-0.95247653,-1.033439459,1.138414245,0.722903857,1.168202391,2.234152009,-2.387024329,-0.337621861,7.824393186,16384,0,12,0
168,-0.896319748,-0.899472905,-1.513647792,0.944261033,0.703057555,3.474588496,2.006960832,-10.35080549,3.44861504,9.67188092,0,32,1024,0
169,-0.908664205,-0.885923879,-1.170828406,0.919881599,0.677878021,6.829511939,4.405919461,0.281907107,2.996533135,8.735989107,0,0,64,0
170,-0.863290043,-0.870090394,-1.118955639,0.953512867,0.314825932,0.754845332,7.789429256,6.761209989,4.541272773,8.345685559,0,32,0,1
171,-0.950106759,-0.984892923,-0.950680684,1.000969724,0.975507925,3.800567608,0.818039413,-6.073744106,1.316547509,9.715597636,128,0,0,2048
172,-1.071471246,-1.102275807,-0.985459062,1.057041803,0.725983396,8.776085228,6.503935605,9.027707549,0.69705104,9.137081593,256,4,0,0
173,-1.085741995,-1.04467888,-1.132304371,1.084810774,0.656085189,9.205669158,2.95551261,6.902409842,-1.918547282,8.927169935,128,0,0,0
174,-1.107417928,-1.156238924,-1.154704288,1.135941805,1.177061673,2.625156655,4.869701335,7.056921003,2.043085263,9.724788385,3,65,0,0
175,-1.058435157,-1.069485099,-1.141279664,1.084965546,1.010151996,9.773162403,3.411973454,-8.308834411,-0.774580519,8.468069869,2048,256,512,0
176,-1.193422115,-1.184333577,-1.080600196,1.097210267,0.941927376,8.340148937,2.703826534,-0.280512686,-1.194612297,8.673097497,0,1024,0,0
177,-0.881899222,-0.991141763,-1.122494456,0.896380644,0.715796665,0.893756636,4.762639932,-9.901858452,-2.170537138,11.92271197,0,0,0,12
178,-0.88985023,-0.936685012,-1.13701703,0.885306367,0.996179292,8.534860386,5.879781033,-1.584090685,-3.312430339,9.903317139,65,16384,0,0
179,-1.05898911,-1.078223978,-1.126457371,1.030750598,0.618315141,6.768465002,2.955977511,-4.24219697,-0.798732989,9.114839747,0,0,17,8
180,-0.974021097,-0.997119114,-0.810673422,0.961038164,0.658713303,6.607304222,4.481274389,-2.161784714,-2.432101652,10.08809665,0,0,256,2
181,-1.074205281,-1.104351012,-1.132532453,1.074155657,0.530607703,5.657611226,9.769780193,8.27386183,-2.292456503,11.76684206,4096,0,0,0
182,-0.940716304,-0.915129063,-1.05668044,1.017808885,0.856272841,2.02261321,6.392699789,1.692572562,-0.893983328,10.8035494,0,2,0,0
183,-0.757585924,-0.734094626,-1.192142842,0.719163242,0.512040436,9.073108474,4.62199988,1.725923636,4.725585737,9.402472023,0,0,512,9
184,-0.763721146,-0.763942128,-0.75089279,0.713161116,0.490477723,1.720049284,7.143658873,-2.185790967,4.709338305,10.10266056,1024,0,2,0
185,-0.669163339,-0.762440785,-1.394212065,0.738980133,1.00491207,4.170610004,8.573483631,-6.773389894,1.183197484,11.48010509,16,16384,0,0
186,-0.700533107,-0.711012845,-1.018427065,0.760738904,0.640351084,1.489705535,4.168580694,-8.179851698,4.341009626,9.041828415,0,32,512,512
187,-0.694363623,-0.76886597,-1.232048906,0.739240029,0.644060708,2.708023237,6.538781319,5.595149287,2.598621859,10.55265631,0,65,0,0
188,-0.523910059,-0.438504743,-0.841270462,0.478858879,0.610784153,2.081373808,5.587207738,-4.495992723,-4.913074384,11.47127997,0,12,32768,12
189,-0.524740786,-0.502823072,-0.789844957,0.610475672,0.579999967,5.423919489,9.465980329,1.594847055,-4.278013637,9.097033135,1024,8,0,0
190,-0.407058533,-0.489435335,-0.619380994,0.427928269,0.614447212,7.796121271,4.580456326,-6.50792594,-0.154322633,8.233586719,0,0,0,5
191,-0.63374196,-0.571105689,-0.524035563,0.61601198,0.577561976,1.360585631,2.70072017,6.35693455,3.7988371,10.46301037,8,0,1024,0
192,-0.343925784,-0.386522397,-0.061218415,0.37036276,0.276567953,3.513117853,6.78881661,5.392738823,-3.904051802,10.63146231,0,0,0,0
193,-0.427447031,-0.388887064,-0.067620498,0.385856102,0.661891512,4.423360212,5.747272894,-1.417737959,-3.432884106,9.721960232,0,0,64,32
194,-0.108484853,-0.08021175,-0.709135401,0.149854796,0.214884913,2.679685699,8.47849006,4.661685783,-1.537815543,9.751771257,0,256,64,0
195,-0.458153034,-0.399252738,-0.202036348,0.527851638,-0.208847966,0.416329121,5.898161996,1.42572258,3.778607459,9.665047933,4096,0,0,0
196,-0.132280604,-0.17973317,-0.424128957,0.152674943,0.331239342,4.979963936,4.026423135,-2.369071132,-4.440281191,9.522696552,0,0,0,512
197,-0.133782056,-0.07140739,-0.249154617,0.116096763,0.317355959,1.708681671,1.771634874,1.807739172,-3.935492543,11.20455328,0,32,4,0
198,-0.382133933,-0.308379777,0.3161469,0.357603592,-0.151078747,5.129948965,7.282984314,0.171543551,-1.368333163,9.020345209,0,3,16,1
199,0.092128304,0.085368888,-0.287032965,-0.131729567,0.081014234,3.453593706,10.43701375,-2.761286137,4.213280172,9.464579339,65,0,0,1
200,0.048767498,0.044473806,0.155603166,-0.159903058,0.114686879,8.024957744,4.789045384,-0.038489784,-0.366398675,10.1211736,0,0,2048,0
201,0.071071916,0.039100758,0.098411321,-0.107273433,-0.173939716,6.003714953,8.352903739,-9.341055833,1.942058736,10.94624935,0,0,0,0
202,0.138359593,0.124700338,-0.051580176,-0.071309178,0.071372278,2.323253808,3.183262598,2.687551747,3.450653051,10.0466277,8,0,16,0
203,0.327095398,0.305874376,0.31915574,-0.290046636,-0.323798668,3.643086071,6.133394942,3.056152156,1.240776778,10.61659069,16,0,3,8
204,0.315160373,0.315784078,0.333775914,-0.254707918,0.065780275,1.041353665,2.604332062,9.531144475,-3.392677333,8.871724907,0,0,0,0
205,0.205439395,0.228017176,0.36796077,-0.20208553,-0.129409665,5.073473575,4.673039236,-6.855830921,1.699481724,11.43695792,0,0,8192,64
206,0.394600347,0.458944418,0.529792474,-0.405172651,-0.345675346,0.462910808,3.630159518,-5.546925788,-4.765463992,8.975413824,0,3,0,0
207,0.621647447,0.73464991,0.655053062,-0.540016324,-0.089774461,0.485586614,4.982834834,-2.667677813,1.902972768,10.49193381,0,0,16,1024
208,0.596911669,0.60364715,0.697532159,-0.621481323,-0.453558387,6.083087669,5.219238056,-2.730508321,-0.514147056,10.5513159,0,8192,512,129
209,0.405763834,0.517474237,0.423957248,-0.399700085,-0.6187185,2.166547907,4.027148216,-3.050698205,-0.561942468,11.19046453,0,9,0,0
210,0.869763398,0.847996293,0.909390472,-0.901784165,-0.451846158,1.641750945,7.131013803,-3.636723519,-3.116098135,9.759068058,0,0,0,0
211,0.543071743,0.496097713,0.81293656,-0.556103568,-0.322648697,0.166292728,4.354123436,9.132868295,-1.574539266,11.69762819,0,0,0,8192
212,0.739830482,0.74592714,0.882907968,-0.755960441,-0.288546169,8.088471703,3.924593924,6.869271795,4.270975812,11.12127228,2,0,0,0
213,0.884768697,0.804908895,0.675630009,-0.927022669,-0.444451069,0.370992364,2.574628961,-0.455232906,0.853960432,10.49027497,0,128,64,0
214,0.858015869,0.835489149,1.02481908,-0.772362275,-0.957333753,8.067223214,2.191362677,-1.444044102,-4.743424703,11.15785248,0,0,33,0
215,0.749132933,0.88341284,0.942608949,-0.742952904,-0.478723742,5.466162366,4.223429054,-3.430073688,-1.280711505,9.640511249,0,128,12,0
216,0.911570583,0.942656889,1.167932894,-0.904579431,-0.676645814,1.803979129,2.334608637,3.167962086,-0.398822768,10.29137548,65,0,0,5
217,1.110357168,1.061652906,1.040302742,-1.118270662,-0.818131648,0.625307462,0.727081179,-0.154397072,-3.835741794,10.48106238,0,65,65,0
218,0.891047161,0.873376288,1.539882959,-0.953461699,-0.71114724,7.647578477,0.708817956,-0.944680716,-0.470723239,9.995288924,1024,0,0,32
219,1.043588077,1.010541476,0.925719279,-1.042520595,-0.533777325,7.335172481,5.744551518,-1.554632784,2.537461364,9.847740189,33,9,0,0
220,0.894512078,0.903890009,1.271926144,-0.900277781,-0.685324021,5.925194705,3.86974738,2.446733475,1.420835535,9.723289316,17,0,0,0
221,0.987387532,0.961836039,0.929560478,-0.897287697,-0.765022234,9.962637852,7.316974638,15.13720053,0.80197282,7.987750145,0,0,0,16384
222,0.838130496,0.801170008,1.108334732,-0.880532659,-0.996864639,9.281872036,6.559524657,1.006353917,0.3265462,10.83176299,0,0,32768,0
223,0.990661515,0.939604495,1.216511216,-1.034774788,-0.665683761,4.803086863,8.889677594,5.342027701,0.693994576,9.835172212,3,0,8,0
224,0.987283726,1.058119684,1.299926512,-0.991567174,-0.632457774,8.454191951,3.91876651,-0.746887622,4.850017914,8.122658105,0,3,0,0
225,1.030615211,1.053885392,1.287644801,-1.116559128,-0.985009667,7.011450668,4.505138792,-1.293441285,-0.984894898,8.866178026,0,8,17,4
226,0.918235459,0.977260528,1.111228831,-0.978269773,-0.829671951,3.682863867,5.745899361,3.083561508,1.547721023,10.53375162,0,0,0,0
227,0.689417677,0.628379326,1.158667042,-0.697608864,-0.523166266,7.133377902,4.100848066,-4.115888757,-3.241914632,11.01554539,4,0,0,0
228,0.952377191,1.007353146,1.097142876,-0.889597174,-0.972102849,7.658390129,4.393523511,2.250313531,-2.499384115,9.31435756,0,0,0,0
229,0.921115188,0.937365109,0.90891895,-0.998206857,-0.853315236,5.308139085,5.461997201,1.192197996,-0.50683809,8.880474737,512,0,0,0
230,0.782228019,0.861584523,1.06404716,-0.718656637,-0.837390531,6.436209533,4.299360221,-1.581206904,1.687600549,9.672320674,0,0,0,0
231,0.837238652,0.744590235,1.040233886,-0.775156661,-0.542800766,4.747136025,5.665097589,1.948149021,-3.687031858,9.604379613,8,0,33,5
232,0.846420744,0.891361278,0.940741951,-0.881363085,-0.562459376,2.723168138,4.879130534,7.484594615,3.141861948,11.89561176,65,0,0,0
233,0.892585146,0.920219062,1.162502119,-0.952626996,-1.008806159,4.97259637,3.222372831,-4.90767774,-3.287942661,8.545127499,0,0,0,0
234,0.895658147,0.840450295,1.398912895,-0.941444354,-0.668386902,0.113631801,7.724760337,0.391200928,-3.86285317,12.32464998,1024,0,0,0
235,0.738848035,0.711093585,1.196284294,-0.820100534,-0.852880674,8.787299697,4.631452166,-4.324861879,1.006612937,10.39417069,0,0,32768,65
236,0.817109536,0.885093218,1.094025343,-0.813712022,-0.765599886,3.025419855,4.184210945,-3.44121191,-2.973397309,7.94299275,4096,0,0,0
237,0.796338435,0.801193034,1.147245075,-0.8827483,-0.347813165,5.981421302,5.656212512,-3.480350884,-3.74288315,10.7571011,0,0,0,0
238,0.673240467,0.663424439,1.143503065,-0.661558836,-0.369097838,4.021613721,3.818258132,-5.744232833,1.989649068,10.61946543,0,0,2,0
239,0.627022339,0.569237038,1.075461175,-0.608486883,-0.573477182,7.794166435,3.858183055,-1.33488735,-1.343113925,9.133070821,0,0,17,1
240,0.608092945,0.589210576,0.842479309,-0.660508681,-0.284743086,5.001931911,5.29696386,-2.276274831,-0.653834323,9.940714065,0,2048,32,0
241,0.355220813,0.368620688,0.509857262,-0.412254077,-0.38374502,5.259957946,4.803510179,-7.445561678,-1.078687042,8.258882808,32768,0,0,1024
242,0.370336924,0.319314683,0.163142426,-0.379037669,-0.141095893,5.630626549,1.371289703,4.959098018,-2.874143759,11.26746831,0,0,256,0
243,0.261345652,0.295896175,0.298943124,-0.272476192,-0.641512814,7.64245778,4.136128521,5.499932512,3.142033836,11.47670409,64,0,33,0
244,0.262575912,0.343989376,0.13349633,-0.223099416,-0.376947811,1.427951315,3.404868973,-4.753631735,-1.388062776,10.77622444,0,0,0,0
245,0.303034042,0.374962011,0.441284117,-0.429182298,0.01373329,6.547695569,4.272956982,0.004711609,3.671054172,10.9328538,8192,33,32768,0
246,0.466098394,0.47725925,0.079916862,-0.473524986,0.130570034,2.805746671,7.140431501,2.289150974,3.464358399,11.50736924,1,0,0,129
247,0.151099922,0.153011086,-0.191906327,-0.09746815,-0.285398444,2.505666387,2.257997873,-4.49105521,3.805681429,9.172500059,0,0,0,0
248,0.184623844,0.195505835,0.514917201,-0.204603314,0.133847983,4.936268939,0.734455552,-6.176659436,-2.035486983,9.474168042,0,128,0,0
249,0.024480993,0.070159136,0.011636147,0.002474478,0.11259038,2.02776761,6.737871468,9.214450237,-2.849953203,10.84634766,5,0,0,0
250,-0.224962839,-0.102928299,-0.378814908,0.23909746,0.33621016,5.682041679,-0.833658101,-5.351186086,-4.35748006,10.35688811,1,17,0,0
251,-0.115939165,-0.08606924,-0.19311461,0.067654325,0.063007625,9.355206934,5.281481052,-2.482924496,3.20847328,10.56771635,0,0,0,0
252,0.012957587,0.055994918,-0.00745339,-0.039434016,0.244761593,0.649450735,1.148143606,-6.564742817,2.129452284,9.755460912,0,3,65,0
253,-0.291086177,-0.259192415,-0.557568784,0.247940422,-0.334501483,4.368208721,2.672395278,1.620116569,-3.22461053,10.25184796,0,0,0,3
254,-0.38564396,-0.349091027,-0.085977544,0.426357558,0.192422022,7.968295756,6.799444514,-7.468429862,-1.292311068,9.849240009,64,0,2,0
255,-0.305764178,-0.255955625,-0.411953788,0.254724991,0.273068957,9.061445336,1.217390171,0.134274019,-1.947567214,10.58923714,0,9,0,0
256,-0.39930936,-0.424517818,-0.223867164,0.387764636,0.231926629,5.402695315,3.684755735,-5.230599157,-0.730301006,9.544443876,128,0,0,64
257,-0.503943687,-0.451624918,-0.461625602,0.412208713,0.190729985,6.211003417,7.074476817,-0.005794296,-4.634214631,10.27390335,0,4,2,0
258,-0.623457444,-0.543696025,-0.707425017,0.62915969,0.354040497,8.095280802,4.137581587,0.943609252,2.228152148,10.12888427,9,0,0,8
259,-0.399563253,-0.400897895,-0.71885431,0.399887307,0.541919259,4.697558632,5.174864745,-1.486592925,-2.400981431,9.505176117,16384,12,0,0
260,-0.573403517,-0.543238911,-0.454176286,0.630576891,0.103670716,9.855158415,2.678804598,-0.156979913,-3.805251138,10.90824411,0,0,65,32
261,-0.568947406,-0.613000498,-1.407887136,0.595928987,0.323563998,8.632139654,6.371444204,4.048762538,0.758239085,9.741139176,0,64,0,0
262,-0.611112486,-0.667878659,-0.458744971,0.553423771,0.510464244,7.846419298,5.328532158,-4.551715637,3.094471677,10.10848137,0,0,4,32
263,-0.770899324,-0.750627035,-1.258854563,0.780086261,0.777420695,9.16016212,1.942930526,3.33376016,-1.089086329,9.37959469,1024,1,8192,64
264,-0.680699383,-0.683975277,-1.198999641,0.686426575,0.68077657,8.130429209,6.022116513,5.342426906,-1.805177517,10.33888942,0,0,0,0
265,-0.802877649,-0.796194124,-1.032217991,0.811346756,0.135248794,1.71739056,1.5544179,7.104941973,4.492992647,9.073058709,0,65,16,0
266,-0.928163234,-0.970608693,-1.29873891,0.892408203,0.391142218,6.426981967,0.346089077,0.767466956,3.237826096,10.7298447,0,32768,0,1024
267,-0.900165033,-0.867660556,-1.060212453,0.907561998,0.608838846,9.992516815,5.727520909,6.462619737,-3.200606125,10.03046557,256,0,0,0
268,-0.984450145,-1.072967856,-1.166556439,0.992989344,0.78934172,5.123946981,8.953586125,1.537639572,3.738269375,10.28671593,0,0,0,512
269,-0.837887255,-0.838833407,-1.378423046,0.804086992,0.789072363,9.313655738,5.756990104,-1.695931317,-4.22672147,9.614427999,512,12,0,0
270,-0.952326691,-1.033538381,-0.784854318,1.004120504,0.829464911,6.169839932,3.888200146,4.736555956,0.679676303,8.927694988,0,0,0,0
271,-0.821984408,-0.787179354,-1.122314301,0.764477186,0.865433131,0.574267342,5.07745039,-0.045121415,-2.943755249,9.615828571,16,0,12,0
272,-0.887842567,-0.816583478,-1.047733047,0.85448735,1.101896277,9.307990717,5.252219962,2.02485924,-2.865084322,11.44175042,512,17,0,0
273,-1.301819896,-1.376227002,-1.282186909,1.305376981,0.835144758,8.799187385,3.394126857,-1.607327251,-2.78441396,10.92007596,0,0,0,0
274,-0.990869912,-0.945486412,-1.140334198,0.979321755,0.868686355,5.206371933,2.089042994,-5.326036359,1.717674455,10.84585265,0,1024,0,0
275,-1.077053826,-1.025187637,-1.516432559,1.104838135,0.727624506,3.987524938,5.780406737,-3.115725989,-2.199951796,10.03074786,0,0,0,0
276,-0.919422571,-0.942901004,-1.453417589,0.884336865,0.506572299,1.994177052,7.993309391,-1.187361043,3.42673772,11.96681527,0,8,256,0
277,-0.970391808,-1.032054555,-1.010814167,0.988206211,0.932942383,2.50468764,6.47847978,3.545437496,2.207490816,10.65948191,0,65,4096,0
278,-1.155372668,-1.140036981,-0.928106536,1.123052678,0.762775199,1.417500534,8.157963722,3.663865034,4.631967029,10.16903659,0,0,9,0
279,-0.899422977,-0.933106752,-1.174970448,0.916550476,0.842418761,9.260601728,6.388309274,-2.27118151,4.445887391,10.08206084,0,129,4,0
280,-0.831112038,-0.839095867,-1.277019417,0.876281808,1.013402088,4.762795818,4.888693891,7.981261214,-0.525661833,9.704425987,0,0,17,0
281,-0.903185909,-0.909385274,-1.105894377,0.854683106,0.787123634,2.509214173,7.002236809,-2.28931651,3.213502073,8.93120097,0,0,0,128
282,-0.918584101,-0.92509734,-1.180119151,0.883408215,1.170184499,6.870573743,8.204397095,5.047207988,-1.290486361,10.63934401,9,17,0,65
283,-0.817554478,-0.832961595,-1.042532714,0.862876561,0.688680459,8.871099935,6.71287064,-3.537560234,2.667351682,11.41391246,0,0,0,64
284,-0.944243611,-0.976101547,-1.050118708,0.988986709,0.578305538,7.580469237,4.696322397,-6.814048111,0.940347769,11.58229844,1,129,0,32768
285,-0.671205296,-0.7576898,-0.869094846,0.735864924,0.759151705,2.17928598,5.734061944,-8.762704752,-1.606572606,8.147035028,16,65,0,2
286,-0.772336115,-0.842669708,-1.072651535,0.769201014,0.831085279,0.146950539,4.71756131,-18.37828233,-0.314040357,9.220456761,16,0,0,0
287,-0.537745136,-0.623531949,-1.424736891,0.607398831,0.480365311,0.946019678,7.018717709,-0.180716865,3.03051969,9.978395151,17,0,32,0
288,-0.776597144,-0.854011148,-0.522970867,0.830356653,0.486312426,2.620596958,4.57247432,-5.65227324,-0.888193714,9.764882406,0,16384,0,0
289,-0.712057989,-0.721771999,-0.979657686,0.733030568,0.561920543,7.065451377,4.151354444,-2.51524736,-2.164910299,10.78718444,0,0,0,2
290,-0.461566398,-0.519903331,-0.288978952,0.400901784,0.560801439,7.615789981,3.601639385,-10.23656463,4.265205939,11.37089471,0,0,64,1024
291,-0.524378987,-0.521199133,-0.41324292,0.581837119,0.372608273,3.241288814,5.042326637,3.469035949,0.68502933,9.760145054,0,129,0,0
292,-0.352894184,-0.410576948,-0.5874477,0.3086465,0.474377684,1.278203207,4.258313563,-1.449445269,-2.922469397,9.594990932,0,0,0,256
293,-0.188062604,-0.108612567,-0.341159391,0.141004362,0.466096515,6.748255962,4.408871655,-3.53645266,-4.046265046,8.533251657,0,0,0,0
294,-0.105119395,-0.084909274,-0.652412798,0.099395991,0.382387741,3.591082949,3.613044418,2.423785653,2.921959194,9.695339616,0,0,0,3
295,-0.356876478,-0.320188863,-0.542791346,0.413445721,0.044262971,7.83306826,11.29862613,-0.630178028,-2.706888172,11.15639855,5,0,33,0
296,-0.428025694,-0.413447967,-0.236449681,0.427999612,0.180812347,9.525367717,5.221272294,1.634604491,-2.719883101,10.96985947,0,1024,0,0
297,-0.21058993,-0.143084997,-0.232095488,0.153859728,-0.093874843,7.103394242,5.79365751,-1.014104534,4.443220669,10.76981178,129,0,8192,0
298,-0.07411281,-0.121968692,-0.119893021,0.163490143,-0.133187024,7.430497179,3.248477289,3.158412251,3.170188074,8.567678943,0,0,0,0
299,0.018516501,0.003595271,0.352983646,0.020721237,0.09219896,9.351107749,5.383710808,-3.932392606,0.383690098,11.13421767,33,8,0,0
300,0.182615388,0.212263632,-0.356196278,-0.244200934,0.148048201,9.070844998,4.949330013,5.004270157,3.925265679,9.172271185,0,2048,8,0
301,0.101639644,0.12506519,-0.011930421,-0.170600364,-0.373767216,5.670271972,4.949942403,8.944029871,4.128898271,9.889506778,0,256,2,0
302,0.207613071,0.225288085,0.270026341,-0.226332335,-0.129590209,1.506011875,5.458489491,3.350492142,0.396378835,9.811889411,0,0,0,0
303,0.149304008,0.09502341,0.074662721,-0.113144959,-0.301735928,0.650055417,2.059532364,2.523173546,4.305856209,10.63687603,64,2,0,0
304,0.131912456,0.126094079,0.418092393,-0.048836629,-0.469520809,1.394448238,4.330911513,0.553524134,-2.297822055,9.401834671,0,0,0,256
305,0.234211833,0.249488744,0.263876252,-0.235843596,-0.699242509,1.216598656,3.340100048,-1.194827084,3.251425604,9.25423404,3,17,0,5
306,0.414740006,0.371966163,0.024706952,-0.439083803,-0.84064571,3.715243722,7.735049306,-5.813180364,-4.749625428,10.57091439,0,0,64,3
307,0.386571282,0.375878724,0.217860952,-0.445410048,-0.396454513,1.677489773,3.723173065,8.920264248,-4.413866283,9.632619478,12,0,17,0
308,0.349896096,0.384983935,0.593672287,-0.335007149,-0.324353433,0.903424847,4.781097826,-2.833826514,-2.810289204,9.962264676,12,0,0,0
309,0.433370909,0.400500417,0.275270075,-0.440945792,-0.423298355,8.943141567,3.041505807,-7.410627941,-2.415373249,10.46658546,0,0,0,0
310,0.402557458,0.380914159,0.758022158,-0.351207589,-0.282491107,8.012609325,4.355954519,-4.255060023,-2.817014057,9.484051528,1,4,0,0
311,0.700122071,0.715783319,0.483550933,-0.687785064,-0.343680631,7.083504719,4.73692908,-1.824642176,0.1755726,10.28186875,3,5,0,0
312,0.869808477,0.8850569,0.807786976,-0.863497703,-0.543509887,0.207700874,6.83445086,0.229772755,1.871999569,9.597657974,0,0,0,0
313,0.691352459,0.687164779,0.866128485,-0.734163274,-0.600865473,2.575613697,1.48289907,5.099250757,4.102494567,11.1728088,4,0,0,0
314,0.79520805,0.719674963,1.178610032,-0.83870526,-0.459954914,2.34712799,7.178222954,-1.129735637,-0.92541234,9.306929425,0,0,2048,0
315,0.796731678,0.754741218,1.124247373,-0.778983153,-0.919862453,7.576123485,4.860225645,7.13864909,-4.80420538,10.09349834,32,0,16,0
316,0.763809538,0.696899662,0.77542544,-0.765783958,-0.662755579,2.417717094,2.863872494,-2.232214129,0.42560714,9.850166268,0,129,16384,16
317,0.962138439,0.900280517,1.135228591,-0.983046212,-0.473923404,5.286178241,3.850729989,12.12229408,0.254080888,8.798511904,0,0,0,0
318,0.922188559,0.869681445,1.182212822,-0.939989694,-0.61566688,4.608379631,7.386195629,-1.148564795,-3.918628603,9.252566907,0,12,2,1024
319,0.851390448,0.932713421,0.867365654,-0.861619073,-0.895293949,3.896108128,5.451919753,-9.793676447,3.807676625,9.796406648,0,0,0,0
320,1.094901275,1.092487728,1.290940307,-1.168273974,-1.289237301,2.995811422,3.824083647,2.308814518,-3.755456129,10.09446938,0,0,0,0
321,1.077274577,1.015558271,1.487650827,-1.083922256,-0.749562469,7.745926574,4.393299654,7.024153006,1.86955883,11.22334395,17,0,129,17
322,1.157463971,1.208707299,0.985846273,-1.158990604,-0.983856679,1.922898739,4.700442583,13.02724364,4.782729022,11.06786772,256,0,16384,0
323,0.991913481,0.992800564,0.976832715,-1.113124552,-1.006225413,7.245393781,8.51004421,-6.175220411,1.228639111,10.92758514,0,0,0,0
324,1.002147413,0.952759869,1.069097004,-0.943252373,-0.683444725,0.715017189,6.378195613,2.034967384,-2.652047865,10.19760619,32,0,0,0
325,0.972447357,0.98660663,0.942479698,-1.041567153,-0.813881963,6.174548119,1.492327414,2.909834874,-4.10394582,8.718608085,0,0,65,0
326,0.946856527,0.877660601,1.028972647,-0.955425818,-0.898680379,0.710031454,3.509110796,6.078444562,2.473679045,9.083567929,0,65,0,8
327,1.166974386,1.177166543,1.287712243,-1.15258218,-0.773253469,5.098758146,6.705705205,6.559496942,-1.975283723,8.460004362,4,12,0,4
328,0.8191195,0.841773737,1.488662566,-0.781930584,-0.982306911,0.168825621,4.942364858,-0.292973104,2.294279158,9.030639693,0,256,0,0
329,0.923993992,1.025157495,1.164043193,-0.847354105,-0.983045612,0.140344578,8.900734597,-3.501336557,1.779040205,9.770071739,0,0,0,32
330,0.815510722,0.821635648,1.081862153,-0.82840981,-0.801249643,3.971009735,2.68678448,1.592102238,1.740772398,11.80335436,0,9,0,0
331,0.767924347,0.825372719,1.311725371,-0.805994065,-0.722771757,9.477328266,6.737717002,1.808087365,0.128898499,9.615679295,0,0,2,0
332,0.807987591,0.796006965,0.883273477,-0.792505037,-0.577175207,5.799566204,2.467273583,8.887066486,-0.688648389,9.324532866,16,16,0,65
333,0.74165716,0.723865767,0.739815364,-0.856920638,-0.542608418,8.161850595,9.432931586,-5.062692491,-0.315126375,9.524046675,512,0,0,0
334,0.792778868,0.76475267,0.986751772,-0.794887625,-0.781585206,4.61855432,3.722018023,0.814925479,4.663486005,11.02790103,0,0,0,65
335,0.7277505,0.694380929,0.781990795,-0.774495098,-0.3907685,6.672269095,4.865665012,-1.249818268,-1.858386474,9.054738846,0,0,0,0
336,0.779808921,0.729699578,0.863357238,-0.767687867,-0.175467933,5.368866232,2.52770877,-0.353682127,0.556414535,10.96729999,0,0,17,0
337,0.692252387,0.704393375,0.626008779,-0.683372379,-0.419765452,0.305690469,7.1654838,-4.909728384,-4.205189081,9.635783396,0,65,0,8
338,0.453347574,0.514369992,1.238489406,-0.448799536,-0.76542022,7.83819384,6.079836589,0.019367768,-2.835303961,9.627103933,0,0,0,17
339,0.620201629,0.584627859,0.531252796,-0.629485847,-0.873130034,9.710929498,4.913500485,3.450634714,2.512884428,10.19914712,0,1024,3,4096
340,0.474279205,0.520586072,0.798140572,-0.443547963,-0.716727155,3.237959619,5.345813787,-3.018302978,-1.224272781,11.47301137,0,0,0,0
341,0.579891953,0.505319477,0.478025361,-0.559546284,-0.579313174,0.338635357,8.906983857,-1.098642642,4.755923461,10.36693592,0,0,0,5
342,0.452698998,0.497480431,0.459145864,-0.510063523,-0.962884955,0.203820639,4.884754883,-5.107600228,1.901071061,11.00104341,0,0,0,2
343,0.246549924,0.252890082,0.680609348,-0.275147147,-0.582619277,9.886685969,4.259813374,-5.349798215,-0.657277076,9.738128928,0,16,64,0
344,0.355076552,0.371595253,0.688803403,-0.387744337,-0.52289791,0.093574068,3.341624012,7.888089988,4.118133837,9.071182226,0,0,2048,0
345,0.223447782,0.206502343,0.059279874,-0.270187961,-0.373021859,3.58254772,7.133843532,2.579050973,3.059821368,10.18396863,0,64,0,0
346,0.173955759,0.152454212,-0.118400138,-0.17960378,-0.357848933,0.255124096,7.174933465,0.942287622,1.928305991,10.37285668,0,0,0,8
347,0.3038239,0.38553913,-0.157433662,-0.240443753,0.161273414,6.90014826,3.808104004,5.479645918,-1.075056455,11.65751082,0,0,0,0
348,-0.084796344,-0.06674929,0.215662584,0.093000998,0.283772653,2.960505868,5.806777514,-0.010055688,-1.917528049,11.08058232,0,0,0,0
349,0.071117599,0.120446503,0.077427298,-0.081473276,-0.149615022,8.804310007,3.270766094,-0.980313012,0.821542394,11.0377077,0,0,0,0
350,-0.118257024,-0.125337457,-0.091036423,0.18004721,0.089491061,4.775797247,4.427581698,4.091920634,2.99870011,9.524237169,0,0,16384,32768
351,-0.129687553,-0.208630371,0.004625489,0.228505855,0.14134334,8.592408095,5.113058455,-4.34085117,-3.978813899,10.84999341,3,0,0,33
352,-0.247562306,-0.313820864,-0.125968796,0.190865636,-0.092205193,7.759035516,4.661893804,-0.537899922,-0.156494366,9.335472989,0,0,8192,2
353,-0.304629113,-0.39322185,-0.664212768,0.335741455,0.37326298,2.697271834,5.438241217,9.88334137,0.889418403,11.39886285,0,0,0,2048
354,-0.125735847,-0.154158921,-0.381613651,0.122706466,0.519738065,0.633138424,5.969052681,7.274924076,-1.185761235,8.706334349,0,0,2048,4
355,-0.390722905,-0.412433156,-0.734717951,0.425650731,0.217036914,6.280392694,4.488186157,6.359267728,-1.469296177,11.22971801,64,0,1,128
356,-0.519050433,-0.444606167,-0.169725769,0.509941161,0.022103388,1.100319632,4.282322371,-7.442077089,-3.580070822,9.214440613,0,0,0,0
357,-0.474307558,-0.51827957,-0.578152782,0.452874595,0.520103946,8.467326871,4.683063774,3.378015905,-4.064482049,9.446879372,0,0,0,256
358,-0.658672759,-0.626447244,-0.605043565,0.631762254,0.439653559,1.899954529,4.389703191,-4.762433925,3.656568338,11.00440356,0,0,256,0
359,-0.626307425,-0.586547704,-0.560546448,0.645076167,0.254332974,8.421573447,2.135661505,7.225406907,-3.177268371,9.864126308,64,0,0,16
360,-0.742664477,-0.677190438,-0.635065308,0.71572974,0.532346493,9.945151548,2.940226283,-6.916016494,-0.517732553,10.49623003,0,0,0,0
361,-0.719103523,-0.665571848,-1.083189387,0.645996552,0.427972832,7.076899351,6.879982437,1.825135343,-3.908342881,9.231243485,0,0,32,12
362,-0.862571789,-0.925330858,-0.690103363,0.830068727,0.841962788,1.848382306,3.433396408,-4.249231845,-1.986253418,9.531168634,512,0,9,0
363,-0.797143195,-0.771986388,-0.726160653,0.862925347,0.746594937,1.040505838,8.443870207,-5.139912481,-0.163598193,9.329861639,33,32768,2,0
364,-0.813943463,-0.860235971,-1.007974003,0.734758668,0.495527035,3.782978312,4.855156894,-5.844593494,-3.027774695,10.05519545,0,65,32,0
365,-0.679544727,-0.699563259,-0.818607117,0.65856134,0.696979975,3.04404624,9.343757832,11.50856173,-4.446474377,8.645601818,65,1024,0,512
366,-0.759645748,-0.710940562,-1.109296373,0.751253272,0.499758371,9.689640303,4.423042041,-0.853087747,0.710422756,8.090504479,0,16,1,0
367,-0.824206072,-0.81185115,-0.615254911,0.800200607,0.934667393,0.747018858,6.916087358,-1.142851739,-3.786510392,8.983311015,3,0,256,256
368,-0.798749003,-0.827731386,-1.115485536,0.838274509,0.606503749,9.206738295,3.807757474,3.069264145,-1.045641104,10.38180087,128,0,0,0
369,-1.151839133,-1.153456413,-1.135721618,1.065744397,0.843720146,0.804765201,2.722918155,9.351120234,-2.130277758,10.30768916,1024,0,0,64
370,-0.929794,-0.996816611,-1.073155229,0.895047541,0.456859098,4.838155917,5.725527202,-13.96262542,1.060197744,10.21776174,512,0,0,0
371,-0.916020947,-1.030334323,-1.354831489,0.860062962,0.691152882,4.904098344,4.704200526,10.58810022,-4.867362004,9.284692512,0,0,0,0
372,-1.038653141,-1.054471882,-1.3317683,0.994741461,0.67420153,4.903208065,7.275004624,10.34100018,-0.097817056,10.57544712,0,0,0,0
373,-0.861619891,-0.854591402,-1.367323113,0.857151658,0.618920006,0.767002575,2.600937615,1.348508105,1.00896305,8.707328427,0,512,0,128
374,-0.956587133,-0.944706337,-1.30834491,1.058403389,0.759205535,4.602255881,6.656608518,9.44075502,-0.706552283,9.237837315,0,0,0,0
375,-0.935932642,-0.997483125,-1.336006625,0.893746175,0.8486276,6.537714732,9.497637862,-2.20558532,1.292767292,10.27712501,16,0,2048,0
376,-0.743248608,-0.739633648,-0.986414596,0.805712995,0.657259432,9.87450965,6.650267752,-5.195987558,4.997288538,9.871423623,0,0,0,512
377,-1.121939741,-1.128122465,-1.013417503,1.111771431,0.717856612,1.34666628,8.702696098,1.276065828,4.919800108,9.500569119,0,0,0,0
378,-0.93941117,-0.913886522,-1.302142336,0.961631755,0.797394456,7.773333692,8.33655165,-12.03602953,0.385925683,10.75558812,0,0,0,0
379,-1.082153143,-1.105559749,-1.130851895,1.070725262,0.571505834,4.163651084,6.861851107,-3.167207,3.056400754,9.778130355,0,0,0,0
380,-0.796648675,-0.720156188,-1.282775206,0.77183917,0.775813695,5.567732768,5.548582828,6.497914335,-4.976440976,8.500528863,0,0,9,2048
381,-0.819618301,-0.834667909,-0.965212276,0.795327854,0.491253118,8.624714644,2.952858638,7.901739838,-3.332151694,10.78381862,0,256,0,0
382,-0.844884402,-0.905414973,-0.999074289,0.825600482,0.686142281,1.744314826,5.9455783,8.736965454,3.553614985,9.832609267,0,0,16384,0
383,-0.872197515,-0.957112131,-0.761070834,0.908128241,0.732166017,6.853168045,3.666317312,3.319442872,-4.281934479,10.78188429,0,256,0,0
384,-0.849149539,-0.916149009,-0.869066468,0.857743832,0.194828768,0.110665068,5.856883246,6.748971374,2.006601169,8.995271355,0,128,0,256
385,-0.691035813,-0.730194195,-1.233300931,0.660282367,0.999450157,6.017723393,5.909048248,-0.565107989,-3.876810086,9.880569187,0,0,2048,0
386,-0.631939891,-0.586848983,-0.936590281,0.666412403,0.868059733,0.97193965,8.994713981,-2.680701416,-0.508706971,9.56591341,0,17,0,0
387,-0.643021978,-0.704165786,-0.781121667,0.603462768,0.514245357,7.75351745,8.706782346,1.817742093,2.045158152,9.393009428,128,0,0,33
388,-0.591533036,-0.555005547,-0.872759626,0.548118574,0.763073105,9.85337701,7.268058799,7.297623797,-3.314276774,10.27507381,0,0,0,128
389,-0.495731576,-0.471891398,-1.146554397,0.537696675,0.519761736,7.096352341,4.375709061,11.76139452,3.497422572,11.09073228,2048,9,0,0
390,-0.442717156,-0.439409908,-0.324809544,0.478687363,0.117788354,5.66169026,8.768198906,4.332996877,-3.538211743,12.63699783,0,0,1,0
391,-0.437942069,-0.467034906,-0.600128414,0.450887966,0.483093352,6.398025856,3.710946826,2.799692913,0.09819837,9.564823867,0,512,0,0
392,-0.332574122,-0.339044841,-0.478155448,0.302230964,0.411338504,6.627082358,3.707297823,-0.958671035,-4.429545473,9.312931873,0,0,0,0
393,-0.194467941,-0.167384969,-0.596534918,0.121322093,0.177439374,1.488234179,3.39477364,1.674682168,3.95896341,10.48934341,0,5,0,0
394,-0.453539144,-0.434720999,-0.198319219,0.547258996,0.091393696,0.714440114,5.121714071,2.803143604,-0.423152836,9.623423637,0,129,0,0
395,-0.23424202,-0.312528753,-1.098711751,0.22501712,0.214849931,4.432701489,2.017968119,-3.362166048,3.154019652,10.846816,0,0,8,32
396,-0.175202363,-0.112536435,-0.367943376,0.170666844,0.399735261,1.528253259,4.836875007,-3.745836631,-4.337635968,11.6550614,64,0,0,0
397,-0.160583458,-0.165599116,-0.271704092,0.071436869,-0.012958301,7.245623945,5.53458172,1.25774596,-0.205435925,10.57527573,0,8192,16,129
398,0.134349455,0.105897654,-0.211389706,-0.11434707,-0.013577655,3.299851065,5.717291873,-3.235014723,-1.913889559,10.83749712,65,4096,0,8192
399,-0.103903476,-0.12616762,-0.154016533,0.06965245,-0.213344362,5.287650211,6.110458752,2.925716345,0.66555778,9.216457424,0,0,2048,16
400,0.132112805,0.204529757,0.263408084,-0.157282691,-0.003649259,8.194445301,7.512894138,-0.458782186,-4.117374068,10.19163754,0,0,0,0
401,0.11833759,0.046747399,-0.064209878,-0.141810995,-0.039013087,3.309575607,4.047176735,2.75043822,-4.570717503,9.536343404,0,4,0,0
402,0.185716693,0.20832874,0.128096803,-0.177513837,0.052099787,1.799309925,2.700033965,-4.514584088,1.34684902,9.034404184,0,0,0,64
403,0.359360812,0.274333119,0.469201171,-0.422648965,-0.237683197,1.30968025,4.362597984,-3.504065918,1.45410798,10.8767126,3,9,129,0
404,0.090734557,0.238450591,0.421332415,-0.075452143,-0.256476588,6.860519011,4.755457064,-5.450986589,-1.048415048,10.85858334,0,0,0,0
405,0.197089538,0.215900941,0.250537895,-0.19616305,-0.615635064,3.278161763,3.310139756,6.647490991,1.865236366,10.37566197,0,0,64,1
406,0.489122797,0.466830039,0.306182464,-0.451263883,-0.23626098,0.35874509,4.608673927,3.730524022,-3.689729635,11.28780938,0,0,9,129
407,0.320393629,0.303952748,0.528633509,-0.373466866,-0.540118548,0.826158569,5.795961401,10.08673568,-2.990586422,10.55889546,0,32768,0,0
408,0.635973869,0.604381905,1.173240928,-0.617827993,-0.623485537,6.352429583,5.035593818,-2.912263038,-2.874076645,9.942998113,0,0,0,0
409,0.6508809,0.765379949,1.301569181,-0.61342461,-0.636285208,7.878774545,3.950817536,-4.760205058,-1.607521929,9.740658334,0,0,0,0
410,0.638880351,0.599766916,0.858206437,-0.614681951,-0.769738776,0.728687469,3.466965254,-0.737868402,3.356098424,10.61561191,4,0,3,0
411,0.606820024,0.583609255,0.669226681,-0.717063066,-0.857547376,1.530452,2.630816403,-2.377453584,4.499866623,11.17031278,512,1,64,0
412,0.865281849,0.862781844,0.724966572,-0.909428561,-0.901387012,1.798377307,5.520882697,3.713837988,-4.59366131,10.24276246,2,0,3,0
413,0.960827099,1.043124136,0.557139513,-0.984297212,-0.357790259,6.782426234,9.191701652,-0.654342845,-3.456585875,10.86377052,0,0,0,0
414,0.760945247,0.761549674,0.76675866,-0.683453952,-0.490665068,3.717747972,5.935929011,-1.224590247,-0.469842727,9.981286605,0,33,0,16384
415,0.811821926,0.765083899,1.156079696,-0.77932134,-0.596538698,0.15198801,5.847342682,-0.035121342,3.902887453,9.592135342,9,16,8192,0
416,0.821001363,0.813671596,0.726096304,-0.820675536,-1.095772472,6.250166949,2.925191052,2.911009058,-2.714915343,11.82478666,2048,0,0,0
417,0.970763039,1.0465937,1.198700955,-0.995333938,-0.573964197,5.279737968,6.356525971,-4.489429952,4.733042657,10.85208483,0,64,32768,33
418,0.8493677,0.869316215,1.096619048,-0.892575928,-0.857328846,3.214346601,3.755514144,-1.448612934,2.235756399,9.630012334,0,0,32,64
419,0.862025649,0.88037016,0.931603944,-0.820626896,-0.932376842,8.483170097,4.878553841,-2.412496254,4.564966889,10.33634882,0,0,4096,4
420,0.981833207,1.006344529,1.168324632,-1.022955073,-1.181603537,7.360676286,3.361914912,11.02664291,1.16385126,10.5165234,0,0,65,0
421,0.912242865,0.876691697,1.182594276,-0.938728409,-0.950795899,6.075415782,3.468678371,-3.283411961,-0.424191187,9.671045088,0,32768,0,0
422,0.829572659,0.831641201,1.709921459,-0.868593951,-0.54848107,5.160009275,2.283422289,1.759864691,-3.372338055,11.9290585,65,32768,0,0
423,0.938988887,0.903795039,0.982461339,-0.905355144,-0.769766295,5.417835661,5.787921356,0.878208764,4.005461222,11.06477209,65,256,0,8
424,1.078966983,1.113231995,1.351132131,-1.060428039,-0.454606607,9.321006393,0.782601155,-2.380212497,-2.92511901,8.520129403,32,0,0,0
425,1.120273754,1.085561325,1.160302466,-1.107357314,-0.725405988,0.256869273,4.687894238,-3.00009882,3.046210557,10.52976635,0,0,0,0
426,0.868156538,0.890280675,1.29627913,-0.849212315,-0.684992776,7.659892405,1.606406516,0.390438406,-3.932431124,11.11738128,4096,0,4,64
427,0.978167876,1.001231893,1.245901515,-0.911954891,-0.676428796,0.764830795,3.016201765,-4.853537253,1.758903392,9.487194937,0,0,12,0
428,1.049408284,0.929821536,1.333937488,-1.070495954,-0.520031514,7.438649729,3.660202954,-2.517338144,-0.468490636,10.38921602,0,32768,0,0
429,0.894680784,0.815535272,0.950231806,-0.906027836,-0.554175292,8.743793541,5.346956084,0.592113979,-4.843059547,10.36099551,0,0,0,3
430,1.071388697,1.101844296,0.709379091,-1.136608194,-0.505655275,7.218749261,6.34224963,6.093726583,0.66799039,8.45007484,4,0,9,0
431,0.90016488,0.951773191,1.237181338,-0.928306509,-0.729522555,1.946245899,6.879030199,-2.205246446,-0.051859724,12.18517675,0,0,0,3
432,0.854686687,0.838132428,1.376371365,-0.750969948,-0.644691696,3.985617031,3.879819856,-3.534900184,2.42670375,10.83679632,8192,0,256,0
433,0.763402906,0.736729608,0.99672618,-0.633338775,-0.624774877,6.943957652,5.837985262,-3.01134089,-0.412412303,10.36253465,0,0,0,0
434,0.852869687,0.762308532,1.232079728,-0.831039873,-0.772999144,0.676223955,3.431153744,1.341654582,-0.718959151,10.86125576,2048,0,0,2048
435,0.810196193,0.801846745,1.228627401,-0.801004708,-0.675328664,6.516145082,4.303958476,8.874938628,-1.794689611,8.714381072,0,0,32,129
436,0.730308019,0.827460843,0.935402866,-0.745177549,-0.490829703,1.185721827,2.848254786,-4.990100205,3.115076985,10.87938746,0,0,0,0
437,0.773230908,0.768400087,0.411074231,-0.738619467,-0.598339889,6.735083658,7.533110388,-2.977066329,-1.151310156,11.00265903,9,0,16384,1024
438,0.647738424,0.684364538,0.677721077,-0.699398038,-0.346888747,2.42011338,5.18931108,0.323475372,-0.881365906,10.18039712,3,0,2,17
439,0.585468106,0.640608744,0.749131669,-0.541255116,-0.847111789,3.525717312,5.9290352,2.284666856,3.46728088,9.669795775,16384,0,0,16
440,0.300286678,0.291490882,0.663244414,-0.355306145,-0.111083276,1.21145641,4.515705771,2.282609435,-4.382054043,11.24039154,17,0,0,0
441,0.606004304,0.558045443,0.578902498,-0.545878281,-0.187865125,6.933149228,6.109642507,-1.937021611,1.379987748,10.49430824,0,0,0,17
442,0.33411035,0.340425141,0.418595568,-0.331406159,-0.182250249,5.450901189,4.172311503,-0.187788096,0.319956417,11.20955407,0,33,0,0
443,0.33795337,0.271550054,0.735086566,-0.320842272,-0.437879901,7.366038341,2.979688353,-9.507159887,-4.929030985,9.636516745,0,0,0,0
444,0.361716376,0.375344149,0.444401628,-0.331336576,0.300843977,4.172918859,7.158139032,-4.02690306,0.199117847,9.209103204,12,0,0,0
445,0.182571336,0.215070284,0.321966135,-0.156723089,-0.168239044,2.964076198,7.006924304,1.941495108,4.027333095,9.438744836,5,128,16384,0
446,0.081817395,0.128950155,0.236737767,-0.020875142,-0.480971673,8.408832446,4.521329988,-1.177261543,-4.802704691,10.61259597,9,17,0,65
447,0.192936112,0.245359896,-0.074732899,-0.2342736,-0.079786395,8.18549335,7.675897413,0.906656535,-1.448815292,10.71934734,4096,32,0,0
448,0.096756138,0.123387276,0.076199716,-0.040555521,-0.215116483,7.985599822,7.753919421,-4.243968442,2.634172991,10.48656368,0,0,65,0
449,-0.057306287,0.063736622,-0.319687904,0.17924468,-0.080595745,5.193770606,6.336207738,3.506844618,3.219712529,10.12101218,0,0,0,8
450,-0.047347356,-0.04321946,-0.173969983,0.113559383,0.33350851,8.730246914,4.050011954,-4.386796509,0.087093793,8.19986098,0,0,9,0
451,-0.047564119,0.004629911,-0.058183215,0.097999819,-0.144596402,2.511266665,6.345433292,-7.167666471,4.892903612,10.6813076,0,0,0,0
452,-0.43218804,-0.445131051,-0.211804188,0.364461947,0.158248649,0.563619397,2.298719625,-0.746581301,0.400976519,8.825111424,0,0,4,0
453,-0.248596512,-0.17813892,-0.08107037,0.294835423,-0.185621647,9.365512026,6.657282812,0.147922774,-0.138739399,9.847849271,0,33,0,512
454,-0.312973545,-0.187426344,-0.360317173,0.39633775,0.592510539,6.51208735,6.767028205,-10.26097938,-0.99798704,9.188106417,0,0,0,64
455,-0.369448545,-0.363279935,-0.686827728,0.318486712,0.245071176,7.401826973,6.321540346,0.596916263,3.715473173,8.791324368,0,0,1,0
456,-0.53270492,-0.508058119,-0.463814128,0.497811777,0.551021427,6.538292455,5.264031895,2.068015741,1.354864049,9.071883978,0,0,0,0
457,-0.396905626,-0.40074879,-0.462154319,0.373291149,0.34835111,2.986195865,2.185250385,3.925791635,-3.743547626,9.590391332,0,0,64,2
458,-0.408993863,-0.380924617,-0.787295111,0.415348523,0.417030502,1.150574007,3.321880988,-4.121131295,2.372422735,9.810487082,0,0,0,0
459,-0.743809561,-0.640196083,-0.842238678,0.747959446,0.617033247,6.396648224,8.805705934,1.007976328,-1.909689139,9.874917344,0,0,0,0
460,-0.614382174,-0.604698008,-0.935746016,0.608735304,0.599268398,2.19956752,3.321184941,-6.847439196,-3.067755498,9.907661787,0,0,17,16384
461,-0.742130421,-0.82528625,-0.737669975,0.667496168,0.460918344,8.514472501,4.329871067,-2.168753124,-3.608952504,10.26322174,0,0,0,0
462,-0.721636561,-0.727723274,-0.886625501,0.735600172,0.66868213,2.930655195,7.82638132,5.88292934,3.010403824,11.41183294,0,0,0,0
463,-0.801715985,-0.800635514,-1.120333997,0.818886322,0.498977673,1.29761076,4.410781482,-1.396333704,-3.786549418,9.193257405,0,0,12,0
464,-0.694586996,-0.667883902,-1.005792234,0.749904846,0.637371548,9.159086108,6.835822154,0.505199243,4.814791643,7.935380303,0,0,0,0
465,-0.73611098,-0.784528402,-0.808294455,0.767507726,0.787833551,4.169711073,4.346318847,-5.215556437,-2.95749157,7.562221741,0,65,0,512
466,-0.994935472,-0.934765014,-0.967084273,0.914774606,0.535777708,9.589410536,3.194658848,4.993284788,-1.336208016,10.31390184,0,12,0,1024
467,-0.903619863,-0.808593191,-1.129597897,0.997488846,0.647400132,8.881182375,0.997481804,1.037915653,3.247401338,8.351205914,256,64,0,0
468,-0.866343322,-0.843164026,-1.196987336,0.867700089,0.584780909,7.502267548,4.340229217,4.370898117,-4.481396585,8.457903712,0,8,12,0
469,-1.002847234,-0.955983107,-1.190203928,1.049691745,0.819819508,3.378648413,1.458273794,-1.7990877,-4.452034203,10.78810261,0,0,0,0
470,-1.13098387,-1.154114863,-0.973474114,1.160799517,0.802631747,6.165205806,4.688460369,2.635082646,3.562063504,11.86673158,0,0,0,12
471,-1.019171282,-0.99567833,-1.599603597,1.076381294,0.92475943,6.16911196,1.705713918,-0.356054337,1.197453745,8.732049443,512,0,0,512
472,-1.055421868,-1.224799111,-1.249728651,1.056353223,0.855657133,6.223309286,4.780458908,1.963427281,0.648457268,8.991371115,0,3,65,1
473,-0.973300662,-1.005367108,-1.257810107,1.033977534,0.765121342,7.560813172,4.411456545,0.776524988,-2.455478894,10.44517893,0,0,0,5
474,-1.063113141,-1.10873059,-1.084525352,1.041359664,0.782884012,4.948350333,6.67669993,6.229059052,-4.713822216,10.10455674,0,0,0,5
475,-1.151321114,-1.065329814,-1.266031132,1.184244182,0.853742308,9.62425756,4.717306038,1.735999824,1.471515025,8.452724706,0,512,0,0
476,-1.0336903,-0.990674227,-1.157899163,0.924913986,1.116717324,3.519579684,8.840289412,3.088964034,-4.265281847,9.237309139,3,0,0,0
477,-0.911826338,-0.899847056,-0.886932586,0.888692177,0.746433765,8.290214574,4.853117456,-1.65836918,-1.152287414,9.701493614,0,0,0,0
478,-0.952109489,-0.872842795,-1.205278007,0.931302103,0.397850654,6.9982182,5.729304573,1.887956656,-2.818714258,9.282596677,0,8,4,32768
479,-0.96535761,-1.041959666,-1.18802067,0.903492282,0.55023235,2.113601046,8.886088362,5.545450059,-3.203315365,9.942502289,0,8192,0,0
480,-0.904186982,-0.868179781,-1.295225736,0.930873631,0.639872556,5.651750772,7.901656283,3.58559066,-1.346373809,10.21248965,0,0,0,0
481,-0.93942355,-1.021474163,-1.540053285,0.990406022,0.614365621,2.345002589,5.569540612,4.550839146,0.808541664,11.30302895,0,0,16384,0
482,-0.822103346,-0.793799664,-1.038106185,0.878894434,0.803484617,6.961890391,7.457607886,2.544738612,4.652257872,7.918380146,0,0,0,0
483,-0.834739225,-0.818139895,-0.949596177,0.848288395,0.647675346,6.037091152,4.997729068,-8.686605749,4.16346004,9.341164646,0,0,0,0
484,-0.772076093,-0.665615661,-0.893786127,0.826213366,1.105982043,4.649328909,5.416505419,3.596137605,0.09002369,10.28812822,0,4096,0,0
485,-0.798586411,-0.803334035,-1.137431775,0.813431841,0.535980523,4.28760232,7.14934307,0.099530918,-4.842779742,10.07563797,0,0,8,0
486,-0.685687642,-0.670127575,-0.793889024,0.685890347,0.8132645,3.56581052,4.949675701,1.574169163,1.078948736,10.12462062,0,65,0,5
487,-0.499964746,-0.576786972,-0.95185788,0.415057376,0.663741053,1.681417356,2.903420769,5.46129858,3.50722527,8.831314103,32,0,0,0
488,-0.619169304,-0.608408871,-0.667793701,0.589069935,0.616443997,2.062619924,9.042381116,15.21947283,4.904865773,11.74215799,0,0,0,0
489,-0.669831038,-0.667829862,-0.582005163,0.663744034,0.269144703,6.324382139,2.18100591,2.763687032,-2.6450146,9.161882096,8192,0,0,0
490,-0.567855358,-0.549738864,-0.61626091,0.570688183,0.57288893,8.003541951,5.46033101,-2.854164387,4.018013368,8.590184752,0,0,32,0
491,-0.551162468,-0.565727739,-0.797020274,0.535176129,0.543009069,8.640413508,5.559803134,-6.850490701,-0.766388079,10.50220971,0,32768,0,2048
492,-0.252486511,-0.296433065,-0.425744322,0.200869592,0.553321502,9.252929753,4.337536993,10.25528542,1.786027187,10.70576461,0,17,0,0
493,-0.494228058,-0.476074946,-0.704458719,0.477968367,0.221867121,4.586487895,2.818924443,-7.742757067,-3.735276194,10.10663739,0,0,0,0
494,-0.492388408,-0.55046427,-0.219537677,0.512765001,0.077129004,6.094969769,6.033809442,-0.189443836,2.93033014,9.588289329,0,0,3,0
495,-0.23244307,-0.184740966,-0.292680861,0.27210183,0.286377663,1.3156158,2.897873268,-7.914988229,2.673228903,9.930564792,0,129,0,0
496,-0.185890933,-0.144699092,-0.325201864,0.14336201,0.077649262,0.051991299,4.199483948,10.57591695,-1.279414837,9.608213967,129,65,0,0
497,-0.12664388,-0.166814088,-0.001639264,0.121067326,0.187799936,2.291272439,6.464725352,3.94117672,-3.182980546,9.852311455,512,0,0,0
498,-0.138351973,-0.159862569,-0.23779068,0.112099956,0.061243907,3.84758687,3.374570635,7.999914074,-2.581843309,9.731275236,1024,64,16,2
499,0.046315704,0.064992723,-0.106951989,0.011639531,-0.31288808,7.21079747,2.639084241,-8.517385206,0.202079468,10.24936847,8,0,2,0
